file	cell_key	cycle_index	n_points	duration_s	voltage_start	voltage_end	voltage_delta	voltage_slope_V_per_s	voltage_std	current_mean	current_std	temp_start	temp_end	temp_change	energy_proxy_VAs	capacity	capacity_ratio	discharge_frac	discharge_voltage_slope	discharge_curvature_coeff	voltage_plateau_fraction
B0005.mat	B0005	0	789	7597.875	3.873017221300996	4.191077562801999	0.3180603415010026	8.578433112832416e-06	0.0457649891232619	0.6434546691871927	0.6254070302865201	24.65535783391511	24.507040498124308	-0.1483173357908036	11724.694929490204			0.0342205323193916	6.907102496989935e-05	-2.256993788533089e-09	0.7692307692307693
B0005.mat	B0005	1	197	3690.234	4.191491807505295	3.277169976825196	-0.9143218306800986	-0.000205715627807	0.2359570706808563	-1.8187019641679727	0.593546181674474	24.330033885570543	34.230852841540965	9.900818955970422	-23794.120854293327	1.8564874208181572	1.0	0.9898477157360406	-0.0002068700067425	-2.5917112221879283e-09	0.0463917525773195
B0005.mat	B0005	2	940	10516.0	3.3250546568448542	4.189061841085507	0.8640071842406525	4.457782240588988e-05	0.1773798660372038	0.949042672725116	0.666259837238909	29.341850509195503	24.949952033579347	-4.391898475616156	27469.387282445125			0.0170212765957446	0.0001144846031751	-6.492874457390725e-09	0.7333333333333333
B0005.mat	B0005	3	196	3672.344	4.189773213846608	3.3002448871222545	-0.8895283267243532	-0.0002046711068351	0.2347649292859221	-1.817559850661287	0.5951796218062511	24.697751935729325	34.3921365871887	9.694384651459377	-23712.18632537408	1.846327249719927	0.9945272071416714	0.9693877551020408	-0.0002020364569892	-3.183010597553748e-09	0.0529100529100529
B0005.mat	B0005	4	937	10484.547	3.3526036599987754	4.187398225806162	0.8347945658073868	4.459827974670212e-05	0.1752868764143483	0.9505286974657304	0.6669530273269925	29.553300732538816	24.977085475273373	-4.576215257265442	27356.822467612204			0.023479188900747	0.0001118921039982	-5.229190667156743e-09	0.8095238095238095
